customer_id,Customer Name,Email,Active,address_id,Address,District,Postal Code,city_id,City,country_id,Country
524,Jared Ely,jared.ely@sakilacustomer.org,Yes,530,1003 Qinhuangdao Street,West Java,25972,419,Vancouver,20,Canada
1,Mary Smith,mary.smith@sakilacustomer.org,Yes,5,1913 Hanoi Way,Nagasaki,35200,463,Yokohama,50,Japan
2,Patricia Johnson,patricia.johnson@sakilacustomer.org,Yes,6,1121 Loja Avenue,California,17886,449,San Bernardino,103,United States
3,Linda Williams,linda.williams@sakilacustomer.org,Yes,7,692 Joliet Street,Attika,83579,38,Dusseldorf,38,Germany
4,Barbara Jones,barbara.jones@sakilacustomer.org,Yes,8,1566 Inegl Manor,Mandalay,53561,349,Bangkok,94,Thailand
5,Elizabeth Brown,elizabeth.brown@sakilacustomer.org,Yes,9,53 Idfu Parkway,Nantou,42399,361,Istanbul,97,Turkey
6,Jennifer Davis,jennifer.davis@sakilacustomer.org,Yes,10,1795 Santiago de Compostela Way,Texas,18743,295,Laredo,103,United States
7,Maria Miller,maria.miller@sakilacustomer.org,Yes,11,900 Santiago de Compostela Parkway,Central Serbia,93896,280,Kragujevac,108,Serbia
8,Susan Wilson,susan.wilson@sakilacustomer.org,Yes,12,478 Joliet Way,Hamilton,77948,200,Wellington,68,New Zealand
9,Margaret Moore,margaret.moore@sakilacustomer.org,Yes,13,613 Korolev Drive,Masqat,45844,329,Rotterdam,67,Netherlands
10,Dorothy Taylor,dorothy.taylor@sakilacustomer.org,Yes,14,1531 Sal Drive,Esfahan,53628,162,Graz,9,Austria
11,Lisa Anderson,lisa.anderson@sakilacustomer.org,Yes,15,1542 Tarlac Parkway,Kanagawa,1027,440,Yokohama,50,Japan
12,Nancy Thomas,nancy.thomas@sakilacustomer.org,Yes,16,808 Bhopal Manor,Haryana,10672,582,Bengaluru,44,India
13,Karen Jackson,karen.jackson@sakilacustomer.org,Yes,17,270 Amroha Parkway,Osmaniye,29610,384,Istanbul,97,Turkey
14,Betty White,betty.white@sakilacustomer.org,Yes,18,770 Bydgoszcz Avenue,California,16266,120,Citrus Heights,103,United States
15,Helen Harris,helen.harris@sakilacustomer.org,Yes,19,419 Iligan Lane,Madhya Pradesh,72878,76,Bengaluru,44,India
16,Sandra Martin,sandra.martin@sakilacustomer.org,No,20,360 Toulouse Parkway,England,54308,495,Southend-on-Sea,102,United Kingdom
17,Donna Thompson,donna.thompson@sakilacustomer.org,Yes,21,270 Toulon Boulevard,Kalmykia,81766,156,Moscow,80,Russian Federation
18,Carol Garcia,carol.garcia@sakilacustomer.org,Yes,22,320 Brest Avenue,Kaduna,43331,252,Wellington,68,New Zealand
19,Ruth Martinez,ruth.martinez@sakilacustomer.org,Yes,23,1417 Lancaster Avenue,Northern Cape,72192,267,Kimberley,85,South Africa
20,Sharon Robinson,sharon.robinson@sakilacustomer.org,Yes,24,1688 Okara Way,Nothwest Border Prov,21954,327,Karachi,72,Pakistan
21,Michelle Clark,michelle.clark@sakilacustomer.org,Yes,25,262 A Corua (La Corua) Parkway,Dhaka,34418,525,Karachi,72,Pakistan
22,Laura Rodriguez,laura.rodriguez@sakilacustomer.org,Yes,26,28 Charlotte Amalie Street,Rabat-Sal-Zammour-Z,37551,443,Rabat,62,Morocco
23,Sarah Lewis,sarah.lewis@sakilacustomer.org,Yes,27,1780 Hino Boulevard,Liepaja,7716,303,Eindhowen,67,Netherlands
24,Kimberly Lee,kimberly.lee@sakilacustomer.org,Yes,28,96 Tafuna Way,Crdoba,99865,128,Mar del Plata,6,Argentina
25,Deborah Walker,deborah.walker@sakilacustomer.org,Yes,29,934 San Felipe de Puerto Plata Street,Sind,99780,472,Karachi,72,Pakistan
26,Jessica Hall,jessica.hall@sakilacustomer.org,Yes,30,18 Duisburg Boulevard,,58327,121,Bergamo,49,Italy
27,Shirley Allen,shirley.allen@sakilacustomer.org,Yes,31,217 Botshabelo Place,Southern Mindanao,49521,138,Nairobi,52,Kenya
28,Cynthia Young,cynthia.young@sakilacustomer.org,Yes,32,1425 Shikarpur Manor,Bihar,65599,346,Bengaluru,44,India
29,Angela Hernandez,angela.hernandez@sakilacustomer.org,Yes,33,786 Aurora Avenue,Yamaguchi,65750,474,Yokohama,50,Japan
30,Melissa King,melissa.king@sakilacustomer.org,Yes,34,1668 Anpolis Street,Taipei,50199,316,Istanbul,97,Turkey
31,Brenda Wright,brenda.wright@sakilacustomer.org,Yes,35,33 Gorontalo Way,West Bengali,30348,257,Bengaluru,44,India
32,Amy Lopez,amy.lopez@sakilacustomer.org,Yes,36,176 Mandaluyong Place,Uttar Pradesh,65213,239,Bengaluru,44,India
33,Anna Hill,anna.hill@sakilacustomer.org,Yes,37,127 Purnea (Purnia) Manor,Piemonte,79388,17,Udine,49,Italy
34,Rebecca Scott,rebecca.scott@sakilacustomer.org,Yes,38,61 Tama Street,Okayama,94065,284,Yokohama,50,Japan
35,Virginia Green,virginia.green@sakilacustomer.org,Yes,39,391 Callao Drive,Midi-Pyrnes,34021,544,Toulouse,34,France
36,Kathleen Adams,kathleen.adams@sakilacustomer.org,Yes,40,334 Munger (Monghyr) Lane,Markazi,38145,31,Graz,9,Austria
37,Pamela Baker,pamela.baker@sakilacustomer.org,Yes,41,1440 Fukuyama Loop,Henan,47929,362,Lanzhou,23,China
38,Martha Gonzalez,martha.gonzalez@sakilacustomer.org,Yes,42,269 Cam Ranh Parkway,Chisinau,34689,115,Plovdiv,17,Bulgaria
39,Debra Nelson,debra.nelson@sakilacustomer.org,Yes,43,306 Antofagasta Place,Esprito Santo,3989,569,Sao Paolo,15,Brazil
40,Amanda Carter,amanda.carter@sakilacustomer.org,Yes,44,671 Graz Street,Oriental,94399,353,Rabat,62,Morocco
41,Stephanie Mitchell,stephanie.mitchell@sakilacustomer.org,Yes,45,42 Brindisi Place,Yerevan,16744,586,Karachi,72,Pakistan
42,Carolyn Perez,carolyn.perez@sakilacustomer.org,Yes,46,1632 Bislig Avenue,Nonthaburi,61117,394,Bangkok,94,Thailand
43,Christine Roberts,christine.roberts@sakilacustomer.org,Yes,47,1447 Imus Way,Tahiti,48942,167,Lima,74,Peru
44,Marie Turner,marie.turner@sakilacustomer.org,Yes,48,1998 Halifax Drive,Lipetsk,76022,308,Moscow,80,Russian Federation
45,Janet Phillips,janet.phillips@sakilacustomer.org,Yes,49,1718 Valencia Street,Antofagasta,37359,27,Medellin,24,Colombia
46,Catherine Campbell,catherine.campbell@sakilacustomer.org,Yes,50,46 Pjatigorsk Lane,Moscow (City),23616,343,Moscow,80,Russian Federation
47,Frances Parker,frances.parker@sakilacustomer.org,Yes,51,686 Garland Manor,Cear,52535,247,Sao Paolo,15,Brazil
48,Ann Evans,ann.evans@sakilacustomer.org,Yes,52,909 Garland Manor,Tatarstan,69367,367,Niznekamsk,80,Russian Federation
49,Joyce Edwards,joyce.edwards@sakilacustomer.org,Yes,53,725 Isesaki Place,Mekka,74428,237,Eindhowen,67,Netherlands
50,Diane Collins,diane.collins@sakilacustomer.org,Yes,54,115 Hidalgo Parkway,Khartum,80168,379,Seville,87,Spain
51,Alice Stewart,alice.stewart@sakilacustomer.org,Yes,55,1135 Izumisano Parkway,California,48150,171,Fontana,103,United States
52,Julie Sanchez,julie.sanchez@sakilacustomer.org,Yes,56,939 Probolinggo Loop,Galicia,4166,1,Seville,87,Spain
53,Heather Morris,heather.morris@sakilacustomer.org,Yes,57,17 Kabul Boulevard,Chiba,38594,355,Yokohama,50,Japan
54,Teresa Rogers,teresa.rogers@sakilacustomer.org,Yes,58,1964 Allappuzha (Alleppey) Street,Yamaguchi,48980,227,Yokohama,50,Japan
55,Doris Reed,doris.reed@sakilacustomer.org,Yes,59,1697 Kowloon and New Kowloon Loop,Moskova,57807,49,Balaiha,80,Russian Federation
56,Gloria Cook,gloria.cook@sakilacustomer.org,Yes,60,1668 Saint Louis Place,Tahiti,39072,397,Lima,74,Peru
57,Evelyn Morgan,evelyn.morgan@sakilacustomer.org,Yes,61,943 Tokat Street,Vaduz,45428,560,Istanbul,97,Turkey
58,Jean Bell,jean.bell@sakilacustomer.org,Yes,62,1114 Liepaja Street,Sarawak,69226,282,Kuala Lumpur,59,Malaysia
59,Cheryl Murphy,cheryl.murphy@sakilacustomer.org,Yes,63,1213 Ranchi Parkway,Karnataka,94352,350,Bengaluru,44,India
60,Mildred Bailey,mildred.bailey@sakilacustomer.org,Yes,64,81 Hodeida Way,Rajasthan,55561,231,Bengaluru,44,India
61,Katherine Rivera,katherine.rivera@sakilacustomer.org,Yes,65,915 Ponce Place,Basel-Stadt,83980,56,Zurich,91,Switzerland
62,Joan Cooper,joan.cooper@sakilacustomer.org,Yes,66,1717 Guadalajara Lane,Missouri,85505,441,Saint Louis,103,United States
63,Ashley Richardson,ashley.richardson@sakilacustomer.org,Yes,67,1214 Hanoi Way,California,67055,306,San Bernardino,103,United States
64,Judith Cox,judith.cox@sakilacustomer.org,No,68,1966 Amroha Avenue,Sichuan,70385,139,Lanzhou,23,China
65,Rose Howard,rose.howard@sakilacustomer.org,Yes,69,698 Otsu Street,Cayenne,71110,105,Lima,74,Peru
66,Janice Ward,janice.ward@sakilacustomer.org,Yes,70,1150 Kimchon Manor,Skne ln,96109,321,Zurich,91,Switzerland
67,Kelly Torres,kelly.torres@sakilacustomer.org,Yes,71,1586 Guaruj Place,Hunan,5135,579,Lanzhou,23,China
68,Nicole Peterson,nicole.peterson@sakilacustomer.org,Yes,72,57 Arlington Manor,Madhya Pradesh,48960,475,Bengaluru,44,India
69,Judy Gray,judy.gray@sakilacustomer.org,Yes,73,1031 Daugavpils Parkway,Bchar,59025,63,Cairo,29,Egypt
70,Christina Ramirez,christina.ramirez@sakilacustomer.org,Yes,74,1124 Buenaventura Drive,Mekka,6856,13,Eindhowen,67,Netherlands
71,Kathy James,kathy.james@sakilacustomer.org,Yes,75,492 Cam Ranh Street,Eastern Visayas,50805,61,Manila,75,Philippines
72,Theresa Watson,theresa.watson@sakilacustomer.org,Yes,76,89 Allappuzha (Alleppey) Manor,National Capital Reg,75444,517,Manila,75,Philippines
73,Beverly Brooks,beverly.brooks@sakilacustomer.org,Yes,77,1947 Poos de Caldas Boulevard,Chiayi,60951,114,Istanbul,97,Turkey
74,Denise Kelly,denise.kelly@sakilacustomer.org,Yes,78,1206 Dos Quebradas Place,So Paulo,20207,431,Sao Paolo,15,Brazil
75,Tammy Sanders,tammy.sanders@sakilacustomer.org,Yes,79,1551 Rampur Lane,Changhwa,72394,108,Istanbul,97,Turkey
76,Irene Price,irene.price@sakilacustomer.org,Yes,80,602 Paarl Street,Pavlodar,98889,402,Istanbul,97,Turkey
77,Jane Bennett,jane.bennett@sakilacustomer.org,Yes,81,1692 Ede Loop,So Paulo,9223,30,Sao Paolo,15,Brazil
78,Lori Wood,lori.wood@sakilacustomer.org,Yes,82,936 Salzburg Lane,Uttar Pradesh,96709,425,Bengaluru,44,India
79,Rachel Barnes,rachel.barnes@sakilacustomer.org,Yes,83,586 Tete Way,Kanagawa,1079,256,Yokohama,50,Japan
80,Marilyn Ross,marilyn.ross@sakilacustomer.org,Yes,84,1888 Kabul Drive,Oyo & Osun,20936,217,Wellington,68,New Zealand
81,Andrea Henderson,andrea.henderson@sakilacustomer.org,Yes,85,320 Baiyin Parkway,Mahajanga,37307,319,Kuala Lumpur,59,Malaysia
82,Kathryn Coleman,kathryn.coleman@sakilacustomer.org,Yes,86,927 Baha Blanca Parkway,Krim,9495,479,Plovdiv,17,Bulgaria
83,Louise Jenkins,louise.jenkins@sakilacustomer.org,Yes,87,929 Tallahassee Loop,Gauteng,74671,497,Springs,85,South Africa
84,Sara Perry,sara.perry@sakilacustomer.org,Yes,88,125 Citt del Vaticano Boulevard,Puebla,67912,40,Guadajalara,60,Mexico
85,Anne Powell,anne.powell@sakilacustomer.org,Yes,89,1557 Ktahya Boulevard,England,88002,88,Bradford,102,United Kingdom
86,Jacqueline Long,jacqueline.long@sakilacustomer.org,Yes,90,870 Ashqelon Loop,Songkhla,84931,489,Bangkok,94,Thailand
87,Wanda Patterson,wanda.patterson@sakilacustomer.org,Yes,91,1740 Portoviejo Avenue,Sucre,29932,480,Medellin,24,Colombia
88,Bonnie Hughes,bonnie.hughes@sakilacustomer.org,Yes,92,1942 Ciparay Parkway,Cheju,82624,113,Seville,87,Spain
89,Julia Flores,julia.flores@sakilacustomer.org,Yes,93,1926 El Alto Avenue,Buenos Aires,75543,289,Mar del Plata,6,Argentina
90,Ruby Washington,ruby.washington@sakilacustomer.org,Yes,94,1952 Chatsworth Drive,Guangdong,25958,332,Lanzhou,23,China
91,Lois Butler,lois.butler@sakilacustomer.org,Yes,95,1370 Le Mans Avenue,Brunei and Muara,52163,53,Karachi,72,Pakistan
92,Tina Simmons,tina.simmons@sakilacustomer.org,Yes,96,984 Effon-Alaiye Avenue,Gois,17119,183,Sao Paolo,15,Brazil
93,Phyllis Foster,phyllis.foster@sakilacustomer.org,Yes,97,832 Nakhon Sawan Manor,Inner Mongolia,49021,592,Lanzhou,23,China
94,Norma Gonzales,norma.gonzales@sakilacustomer.org,Yes,98,152 Kitwe Parkway,Caraga,53182,82,Manila,75,Philippines
95,Paula Bryant,paula.bryant@sakilacustomer.org,Yes,99,1697 Tanauan Lane,Punjab,22870,399,Bengaluru,44,India
96,Diana Alexander,diana.alexander@sakilacustomer.org,Yes,100,1308 Arecibo Way,Georgia,30695,41,Augusta-Richmond County,103,United States
97,Annie Russell,annie.russell@sakilacustomer.org,Yes,101,1599 Plock Drive,Tete,71986,534,Plovdiv,17,Bulgaria
98,Lillian Griffin,lillian.griffin@sakilacustomer.org,Yes,102,669 Firozabad Loop,Abu Dhabi,92265,12,Dusseldorf,38,Germany
99,Emily Diaz,emily.diaz@sakilacustomer.org,Yes,103,588 Vila Velha Manor,Kyongsangbuk,51540,268,Seville,87,Spain
100,Robin Hayes,robin.hayes@sakilacustomer.org,Yes,104,1913 Kamakura Place,Lipetsk,97287,238,Jelets,80,Russian Federation
101,Peggy Myers,peggy.myers@sakilacustomer.org,Yes,105,733 Mandaluyong Place,Asir,77459,2,Eindhowen,67,Netherlands
102,Crystal Ford,crystal.ford@sakilacustomer.org,Yes,106,659 Vaduz Drive,Ha Darom,49708,34,Udine,49,Italy
103,Gladys Hamilton,gladys.hamilton@sakilacustomer.org,Yes,107,1177 Jelets Way,Kwara & Kogi,3305,220,Wellington,68,New Zealand
104,Rita Graham,rita.graham@sakilacustomer.org,Yes,108,1386 Yangor Avenue,Provence-Alpes-Cte,80720,543,Toulon,34,France
105,Dawn Sullivan,dawn.sullivan@sakilacustomer.org,Yes,109,454 Nakhon Sawan Boulevard,Funafuti,76383,173,Pretoria,85,South Africa
106,Connie Wallace,connie.wallace@sakilacustomer.org,Yes,110,1867 San Juan Bautista Tuxtepec Avenue,Ivanovo,78311,225,Ivanovo,80,Russian Federation
107,Florence Woods,florence.woods@sakilacustomer.org,Yes,111,1532 Dzerzinsk Way,Buenos Aires,9599,334,Buenos Aires,6,Argentina
108,Tracy Cole,tracy.cole@sakilacustomer.org,Yes,112,1002 Ahmadnagar Manor,Mxico,93026,213,Guadajalara,60,Mexico
109,Edna West,edna.west@sakilacustomer.org,Yes,113,682 Junan Way,North West,30418,273,Pretoria,85,South Africa
110,Tiffany Jordan,tiffany.jordan@sakilacustomer.org,Yes,114,804 Elista Drive,Hubei,61069,159,Lanzhou,23,China
111,Carmen Owens,carmen.owens@sakilacustomer.org,Yes,115,1378 Alvorada Avenue,Distrito Federal,75834,102,Caracas,104,Venezuela
112,Rosa Reynolds,rosa.reynolds@sakilacustomer.org,Yes,116,793 Cam Ranh Avenue,California,87057,292,Salinas,103,United States
113,Cindy Fisher,cindy.fisher@sakilacustomer.org,Yes,117,1079 Tel Aviv-Jaffa Boulevard,Sucre,10885,132,Caracas,104,Venezuela
114,Grace Ellis,grace.ellis@sakilacustomer.org,Yes,118,442 Rae Bareli Place,Nordrhein-Westfalen,24321,148,Dusseldorf,38,Germany
115,Wendy Harrison,wendy.harrison@sakilacustomer.org,Yes,119,1107 Nakhon Sawan Avenue,Mxico,75149,365,Guadajalara,60,Mexico
116,Victoria Gibson,victoria.gibson@sakilacustomer.org,Yes,120,544 Malm Parkway,Central Java,63502,403,Vancouver,20,Canada
117,Edith Mcdonald,edith.mcdonald@sakilacustomer.org,Yes,121,1967 Sincelejo Place,Gujarat,73644,176,Bengaluru,44,India
118,Kim Cruz,kim.cruz@sakilacustomer.org,Yes,122,333 Goinia Way,Texas,78625,185,Grand Prairie,103,United States
119,Sherry Marshall,sherry.marshall@sakilacustomer.org,Yes,123,1987 Coacalco de Berriozbal Loop,al-Qalyubiya,96065,476,Hurghada,29,Egypt
120,Sylvia Ortiz,sylvia.ortiz@sakilacustomer.org,Yes,124,241 Mosul Lane,Risaralda,76157,147,Medellin,24,Colombia
121,Josephine Gomez,josephine.gomez@sakilacustomer.org,Yes,125,211 Chiayi Drive,Uttar Pradesh,58186,164,Bengaluru,44,India
122,Thelma Murray,thelma.murray@sakilacustomer.org,Yes,126,1175 Tanauan Way,Lima,64615,305,Lima,74,Peru
123,Shannon Freeman,shannon.freeman@sakilacustomer.org,Yes,127,117 Boa Vista Way,Uttar Pradesh,6804,566,Kolkata,44,India
124,Sheila Wells,sheila.wells@sakilacustomer.org,No,128,848 Tafuna Manor,Ktahya,45142,281,Istanbul,97,Turkey
125,Ethel Webb,ethel.webb@sakilacustomer.org,Yes,129,569 Baicheng Lane,Gauteng,60304,85,Pretoria,85,South Africa
126,Ellen Simpson,ellen.simpson@sakilacustomer.org,Yes,130,1666 Qomsheh Drive,So Paulo,66255,410,Rio de Janeiro,15,Brazil
127,Elaine Stevens,elaine.stevens@sakilacustomer.org,Yes,131,801 Hagonoy Drive,Smolensk,8439,484,Smolensk,80,Russian Federation
128,Marjorie Tucker,marjorie.tucker@sakilacustomer.org,Yes,132,1050 Garden Grove Avenue,Slaskie,4999,236,Poznan,76,Poland
129,Carrie Porter,carrie.porter@sakilacustomer.org,Yes,133,1854 Tieli Street,Shandong,15819,302,Lanzhou,23,China
130,Charlotte Hunter,charlotte.hunter@sakilacustomer.org,Yes,134,758 Junan Lane,Gois,82639,190,Rio de Janeiro,15,Brazil
131,Monica Hicks,monica.hicks@sakilacustomer.org,Yes,135,1752 So Leopoldo Parkway,Taka-Karpatia,14014,345,Plovdiv,17,Bulgaria
132,Esther Crawford,esther.crawford@sakilacustomer.org,Yes,136,898 Belm Manor,Free State,49757,87,Pretoria,85,South Africa
133,Pauline Henry,pauline.henry@sakilacustomer.org,Yes,137,261 Saint Louis Way,Coahuila de Zaragoza,83401,541,Guadajalara,60,Mexico
134,Emma Boyd,emma.boyd@sakilacustomer.org,Yes,138,765 Southampton Drive,al-Qalyubiya,4285,421,Hurghada,29,Egypt
135,Juanita Mason,juanita.mason@sakilacustomer.org,Yes,139,943 Johannesburg Avenue,Maharashtra,5892,417,Kolkata,44,India
136,Anita Morales,anita.morales@sakilacustomer.org,Yes,140,788 Atinsk Street,Karnataka,81691,211,Kolkata,44,India
137,Rhonda Kennedy,rhonda.kennedy@sakilacustomer.org,Yes,141,1749 Daxian Place,Gelderland,11044,29,Eindhowen,67,Netherlands
138,Hazel Warren,hazel.warren@sakilacustomer.org,Yes,142,1587 Sullana Lane,Inner Mongolia,85769,207,Lanzhou,23,China
139,Amber Dixon,amber.dixon@sakilacustomer.org,Yes,143,1029 Dzerzinsk Manor,Ynlin,57519,542,Istanbul,97,Turkey
140,Eva Ramos,eva.ramos@sakilacustomer.org,Yes,144,1666 Beni-Mellal Place,Tennessee,13377,123,Clarksville,103,United States
141,Debbie Reyes,debbie.reyes@sakilacustomer.org,Yes,145,928 Jaffna Loop,Hiroshima,93762,172,Osaka,50,Japan
142,April Burns,april.burns@sakilacustomer.org,Yes,146,483 Ljubertsy Parkway,Scotland,60562,149,Dundee,102,United Kingdom
143,Leslie Gordon,leslie.gordon@sakilacustomer.org,Yes,147,374 Bat Yam Boulevard,Kilis,97700,266,Istanbul,97,Turkey
144,Clara Shaw,clara.shaw@sakilacustomer.org,Yes,148,1027 Songkhla Manor,Minsk,30861,340,Plovdiv,17,Bulgaria
145,Lucille Holmes,lucille.holmes@sakilacustomer.org,Yes,149,999 Sanaa Loop,Gauteng,3439,491,Pretoria,85,South Africa
146,Jamie Rice,jamie.rice@sakilacustomer.org,Yes,150,879 Newcastle Way,Michigan,90732,499,Sterling Heights,103,United States
147,Joanne Robertson,joanne.robertson@sakilacustomer.org,Yes,151,1337 Lincoln Parkway,Saitama,99457,555,Osaka,50,Japan
148,Eleanor Hunt,eleanor.hunt@sakilacustomer.org,Yes,152,1952 Pune Lane,Saint-Denis,92150,442,Saint-Denis,34,France
149,Valerie Black,valerie.black@sakilacustomer.org,Yes,153,782 Mosul Street,Massachusetts,25545,94,Brockton,103,United States
150,Danielle Daniels,danielle.daniels@sakilacustomer.org,Yes,154,781 Shimonoseki Drive,Michoacn de Ocampo,95444,202,Guadajalara,60,Mexico
151,Megan Palmer,megan.palmer@sakilacustomer.org,Yes,155,1560 Jelets Boulevard,Shandong,77777,291,Wuhan,23,China
152,Alicia Mills,alicia.mills@sakilacustomer.org,Yes,156,1963 Moscow Place,Assam,64863,354,Kolkata,44,India
153,Suzanne Nichols,suzanne.nichols@sakilacustomer.org,Yes,157,456 Escobar Way,Jakarta Raya,36061,232,Vancouver,20,Canada
154,Michele Grant,michele.grant@sakilacustomer.org,Yes,158,798 Cianjur Avenue,Shanxi,76990,590,Wuhan,23,China
155,Gail Knight,gail.knight@sakilacustomer.org,Yes,159,185 Novi Sad Place,Bern,41778,72,Bern,91,Switzerland
156,Bertha Ferguson,bertha.ferguson@sakilacustomer.org,Yes,160,1367 Yantai Manor,Ondo & Ekiti,21294,381,Wellington,68,New Zealand
157,Darlene Rose,darlene.rose@sakilacustomer.org,Yes,161,1386 Nakhon Sawan Boulevard,Pyongyang-si,53502,420,Bangkok,94,Thailand
158,Veronica Stone,veronica.stone@sakilacustomer.org,Yes,162,369 Papeete Way,North Carolina,66639,187,Greensboro,103,United States
159,Jill Hawkins,jill.hawkins@sakilacustomer.org,Yes,163,1440 Compton Place,North Austria,81037,307,Linz,9,Austria
160,Erin Dunn,erin.dunn@sakilacustomer.org,Yes,164,1623 Baha Blanca Manor,Moskova,81511,310,Ljubertsy,80,Russian Federation
161,Geraldine Perkins,geraldine.perkins@sakilacustomer.org,Yes,165,97 Shimoga Avenue,Tel Aviv,44660,533,Udine,49,Italy
162,Lauren Hudson,lauren.hudson@sakilacustomer.org,Yes,166,1740 Le Mans Loop,Pays de la Loire,22853,297,Le Mans,34,France
163,Cathy Spencer,cathy.spencer@sakilacustomer.org,Yes,167,1287 Xiangfan Boulevard,Gifu,57844,253,Osaka,50,Japan
164,Joann Gardner,joann.gardner@sakilacustomer.org,Yes,168,842 Salzburg Lane,Adana,3313,529,Istanbul,97,Turkey
165,Lorraine Stephens,lorraine.stephens@sakilacustomer.org,Yes,169,154 Tallahassee Loop,Xinxiang,62250,199,Wuhan,23,China
166,Lynn Payne,lynn.payne@sakilacustomer.org,Yes,170,710 San Felipe del Progreso Avenue,Lilongwe,76901,304,Kuala Lumpur,59,Malaysia
167,Sally Pierce,sally.pierce@sakilacustomer.org,Yes,171,1540 Wroclaw Drive,Maharashtra,62686,107,Kolkata,44,India
168,Regina Berry,regina.berry@sakilacustomer.org,Yes,172,475 Atinsk Way,Gansu,59571,240,Wuhan,23,China
169,Erica Matthews,erica.matthews@sakilacustomer.org,No,173,1294 Firozabad Drive,Jiangxi,70618,407,Wuhan,23,China
170,Beatrice Arnold,beatrice.arnold@sakilacustomer.org,Yes,174,1877 Ezhou Lane,Rajasthan,63337,550,Kolkata,44,India
171,Dolores Wagner,dolores.wagner@sakilacustomer.org,Yes,175,316 Uruapan Street,Perak,58194,223,Kuala Lumpur,59,Malaysia
172,Bernice Willis,bernice.willis@sakilacustomer.org,Yes,176,29 Pyongyang Loop,Batman,47753,58,Istanbul,97,Turkey
173,Audrey Ray,audrey.ray@sakilacustomer.org,Yes,177,1010 Klerksdorp Way,Steiermark,6802,186,Graz,9,Austria
174,Yvonne Watkins,yvonne.watkins@sakilacustomer.org,Yes,178,1848 Salala Boulevard,Miranda,25220,373,Caracas,104,Venezuela
175,Annette Olson,annette.olson@sakilacustomer.org,Yes,179,431 Xiangtan Avenue,Kerala,4854,18,Kolkata,44,India
176,June Carroll,june.carroll@sakilacustomer.org,Yes,180,757 Rustenburg Avenue,Skikda,89668,483,Cairo,29,Egypt
177,Samantha Duncan,samantha.duncan@sakilacustomer.org,Yes,181,146 Johannesburg Way,Tamaulipas,54132,330,Acapulco,60,Mexico
178,Marion Snyder,marion.snyder@sakilacustomer.org,Yes,182,1891 Rizhao Boulevard,So Paulo,47288,456,Rio de Janeiro,15,Brazil
179,Dana Hart,dana.hart@sakilacustomer.org,Yes,183,1089 Iwatsuki Avenue,Kirov,35109,270,Kirovo-Tepetsk,80,Russian Federation
180,Stacy Cunningham,stacy.cunningham@sakilacustomer.org,Yes,184,1410 Benin City Parkway,Risaralda,29747,405,Medellin,24,Colombia
181,Ana Bradley,ana.bradley@sakilacustomer.org,Yes,185,682 Garden Grove Place,Tennessee,67497,333,Memphis,103,United States
182,Renee Lane,renee.lane@sakilacustomer.org,Yes,186,533 al-Ayn Boulevard,California,8862,126,Compton,103,United States
183,Ida Andrews,ida.andrews@sakilacustomer.org,Yes,187,1839 Szkesfehrvr Parkway,Gois,55709,317,Rio de Janeiro,15,Brazil
184,Vivian Ruiz,vivian.ruiz@sakilacustomer.org,Yes,188,741 Ambattur Manor,Noord-Brabant,43310,438,Eindhowen,67,Netherlands
185,Roberta Harper,roberta.harper@sakilacustomer.org,Yes,189,927 Barcelona Street,Chaharmahal va Bakht,65121,467,Salzburg,9,Austria
186,Holly Fox,holly.fox@sakilacustomer.org,Yes,190,435 0 Way,West Bengali,74750,195,Kolkata,44,India
187,Brittany Riley,brittany.riley@sakilacustomer.org,Yes,191,140 Chiayi Parkway,Sumy,38982,506,Sofia,17,Bulgaria
188,Melanie Armstrong,melanie.armstrong@sakilacustomer.org,Yes,192,1166 Changhwa Street,Caraga,58852,62,Manila,75,Philippines
189,Loretta Carpenter,loretta.carpenter@sakilacustomer.org,Yes,193,891 Novi Sad Manor,Ontario,5379,383,Oshawa,20,Canada
190,Yolanda Weaver,yolanda.weaver@sakilacustomer.org,Yes,194,605 Rio Claro Parkway,Tabora,49348,513,Rabat,62,Morocco
191,Jeanette Greene,jeanette.greene@sakilacustomer.org,Yes,195,1077 San Felipe de Puerto Plata Place,Rostov-na-Donu,65387,369,Novoterkassk,80,Russian Federation
192,Laurie Lawrence,laurie.lawrence@sakilacustomer.org,Yes,196,9 San Miguel de Tucumn Manor,Uttar Pradesh,90845,169,Kolkata,44,India
193,Katie Elliott,katie.elliott@sakilacustomer.org,Yes,197,447 Surakarta Loop,Nyanza,10428,271,Nairobi,52,Kenya
194,Kristen Chavez,kristen.chavez@sakilacustomer.org,Yes,198,345 Oshawa Boulevard,Tokyo-to,32114,204,Osaka,50,Japan
195,Vanessa Sims,vanessa.sims@sakilacustomer.org,Yes,199,1792 Valle de la Pascua Place,Nordrhein-Westfalen,15540,477,Dusseldorf,38,Germany
196,Alma Austin,alma.austin@sakilacustomer.org,Yes,200,1074 Binzhou Manor,Baden-Wrttemberg,36490,325,Mannheim,38,Germany
197,Sue Peters,sue.peters@sakilacustomer.org,Yes,201,817 Bradford Loop,Jiangsu,89459,109,Wuhan,23,China
198,Elsie Kelley,elsie.kelley@sakilacustomer.org,Yes,202,955 Bamenda Way,Ondo & Ekiti,1545,218,Wellington,68,New Zealand
199,Beth Franklin,beth.franklin@sakilacustomer.org,Yes,203,1149 A Corua (La Corua) Boulevard,Haiphong,95824,194,Bangkok,94,Thailand
200,Jeanne Lawson,jeanne.lawson@sakilacustomer.org,Yes,204,387 Mwene-Ditu Drive,Ahal,8073,35,Izmir,97,Turkey
201,Vicki Fields,vicki.fields@sakilacustomer.org,Yes,205,68 Molodetno Manor,Nordrhein-Westfalen,4662,575,Mannheim,38,Germany
202,Carla Gutierrez,carla.gutierrez@sakilacustomer.org,Yes,206,642 Nador Drive,Maharashtra,3924,77,Kolkata,44,India
203,Tara Ryan,tara.ryan@sakilacustomer.org,Yes,207,1688 Nador Lane,Sulawesi Utara,61613,184,Oshawa,20,Canada
204,Rosemary Schmidt,rosemary.schmidt@sakilacustomer.org,Yes,208,1215 Pyongyang Parkway,Usak,25238,557,Izmir,97,Turkey
205,Eileen Carr,eileen.carr@sakilacustomer.org,Yes,209,1679 Antofagasta Street,Alto Paran,86599,122,Lima,74,Peru
206,Terri Vasquez,terri.vasquez@sakilacustomer.org,Yes,210,1304 s-Hertogenbosch Way,Santa Catarina,10925,83,Rio de Janeiro,15,Brazil
207,Gertrude Castillo,gertrude.castillo@sakilacustomer.org,Yes,211,850 Salala Loop,Kitaa,10800,371,Salzburg,9,Austria
208,Lucy Wheeler,lucy.wheeler@sakilacustomer.org,Yes,212,624 Oshawa Boulevard,West Bengali,89959,51,Kolkata,44,India
209,Tonya Chapman,tonya.chapman@sakilacustomer.org,Yes,213,43 Dadu Avenue,Rajasthan,4855,74,Kolkata,44,India
210,Ella Oliver,ella.oliver@sakilacustomer.org,Yes,214,751 Lima Loop,Aden,99405,7,Rabat,62,Morocco
211,Stacey Montgomery,stacey.montgomery@sakilacustomer.org,Yes,215,1333 Haldia Street,Jilin,82161,174,Wuhan,23,China
212,Wilma Richards,wilma.richards@sakilacustomer.org,Yes,216,660 Jedda Boulevard,Washington,25053,65,Bellevue,103,United States
213,Gina Williamson,gina.williamson@sakilacustomer.org,Yes,217,1001 Miyakonojo Lane,Taizz,67924,518,Rabat,62,Morocco
214,Kristin Johnston,kristin.johnston@sakilacustomer.org,Yes,218,226 Brest Manor,California,2299,508,Sunnyvale,103,United States
215,Jessie Banks,jessie.banks@sakilacustomer.org,Yes,219,1229 Valencia Parkway,Haskovo,99124,498,Sofia,17,Bulgaria
216,Natalie Meyer,natalie.meyer@sakilacustomer.org,Yes,220,1201 Qomsheh Manor,Gois,21464,28,Rio de Janeiro,15,Brazil
217,Agnes Bishop,agnes.bishop@sakilacustomer.org,Yes,221,866 Shivapuri Manor,Uttar Pradesh,22474,448,Kolkata,44,India
218,Vera Mccoy,vera.mccoy@sakilacustomer.org,Yes,222,1168 Najafabad Parkway,Kabol,40301,251,Cairo,29,Egypt
219,Willie Howell,willie.howell@sakilacustomer.org,Yes,223,1244 Allappuzha (Alleppey) Place,Buenos Aires,20657,567,Buenos Aires,6,Argentina
220,Charlene Alvarez,charlene.alvarez@sakilacustomer.org,Yes,224,1842 Luzinia Boulevard,Zanzibar West,94420,593,Rabat,62,Morocco
221,Bessie Morrison,bessie.morrison@sakilacustomer.org,Yes,225,1926 Gingoog Street,Sisilia,22824,511,Udine,49,Italy
222,Delores Hansen,delores.hansen@sakilacustomer.org,Yes,226,810 Palghat (Palakkad) Boulevard,Jaroslavl,73431,235,Jaroslavl,80,Russian Federation
223,Melinda Fernandez,melinda.fernandez@sakilacustomer.org,Yes,227,1820 Maring Parkway,Punjab,88307,324,Karachi,72,Pakistan
224,Pearl Garza,pearl.garza@sakilacustomer.org,Yes,228,60 Poos de Caldas Street,Rajasthan,82338,243,Mumbai,44,India
225,Arlene Harvey,arlene.harvey@sakilacustomer.org,Yes,229,1014 Loja Manor,Tamil Nadu,66851,22,Mumbai,44,India
226,Maureen Little,maureen.little@sakilacustomer.org,Yes,230,201 Effon-Alaiye Way,Asuncin,64344,37,Lima,74,Peru
227,Colleen Burton,colleen.burton@sakilacustomer.org,Yes,231,430 Alessandria Loop,Saarland,47446,439,Mannheim,38,Germany
228,Allison Stanley,allison.stanley@sakilacustomer.org,Yes,232,754 Valencia Place,Phnom Penh,87911,406,Bangkok,94,Thailand
229,Tamara Nguyen,tamara.nguyen@sakilacustomer.org,Yes,233,356 Olomouc Manor,Gois,93323,26,Rio de Janeiro,15,Brazil
230,Joy George,joy.george@sakilacustomer.org,Yes,234,1256 Bislig Boulevard,Botosani,50598,86,Bern,91,Switzerland
231,Georgia Jacobs,georgia.jacobs@sakilacustomer.org,Yes,235,954 Kimchon Place,West Bengali,42420,559,Mumbai,44,India
232,Constance Reid,constance.reid@sakilacustomer.org,Yes,236,885 Yingkou Manor,Kaduna,31390,596,Wellington,68,New Zealand
233,Lillie Kim,lillie.kim@sakilacustomer.org,Yes,237,1736 Cavite Place,Qina,98775,216,Cairo,29,Egypt
234,Claudia Fuller,claudia.fuller@sakilacustomer.org,Yes,238,346 Skikda Parkway,Hawalli,90628,233,Rotterdam,67,Netherlands
235,Jackie Lynch,jackie.lynch@sakilacustomer.org,Yes,239,98 Stara Zagora Boulevard,Valle,76448,96,Medellin,24,Colombia
236,Marcia Dean,marcia.dean@sakilacustomer.org,Yes,240,1479 Rustenburg Boulevard,Southern Tagalog,18727,527,Manila,75,Philippines
237,Tanya Gilbert,tanya.gilbert@sakilacustomer.org,Yes,241,647 A Corua (La Corua) Street,Chollanam,36971,357,Barcelona,87,Spain
238,Nellie Garrett,nellie.garrett@sakilacustomer.org,Yes,242,1964 Gijn Manor,Karnataka,14408,473,Mumbai,44,India
239,Minnie Romero,minnie.romero@sakilacustomer.org,Yes,243,47 Syktyvkar Lane,West Java,22236,118,Oshawa,20,Canada
240,Marlene Welch,marlene.welch@sakilacustomer.org,Yes,244,1148 Saarbrcken Parkway,Fukushima,1921,226,Osaka,50,Japan
241,Heidi Larson,heidi.larson@sakilacustomer.org,No,245,1103 Bilbays Parkway,Hubei,87660,578,Wuhan,23,China
242,Glenda Frazier,glenda.frazier@sakilacustomer.org,Yes,246,1246 Boksburg Parkway,Hebei,28349,422,Wuhan,23,China
243,Lydia Burke,lydia.burke@sakilacustomer.org,Yes,247,1483 Pathankot Street,Tucumn,37288,454,Buenos Aires,6,Argentina
244,Viola Hanson,viola.hanson@sakilacustomer.org,Yes,248,582 Papeete Loop,Central Visayas,27722,294,Manila,75,Philippines
245,Courtney Day,courtney.day@sakilacustomer.org,Yes,249,300 Junan Street,Kyonggi,81314,553,Barcelona,87,Spain
246,Marian Mendoza,marian.mendoza@sakilacustomer.org,Yes,250,829 Grand Prairie Way,Paran,6461,328,Rio de Janeiro,15,Brazil
247,Stella Moreno,stella.moreno@sakilacustomer.org,Yes,251,1473 Changhwa Parkway,Mxico,75933,124,Acapulco,60,Mexico
248,Caroline Bowman,caroline.bowman@sakilacustomer.org,Yes,252,1309 Weifang Street,Florida,57338,520,Tallahassee,103,United States
249,Dora Medina,dora.medina@sakilacustomer.org,Yes,253,1760 Oshawa Manor,Tianjin,38140,535,Wuhan,23,China
250,Jo Fowler,jo.fowler@sakilacustomer.org,Yes,254,786 Stara Zagora Way,Oyo & Osun,98332,390,Wellington,68,New Zealand
251,Vickie Brewer,vickie.brewer@sakilacustomer.org,Yes,255,1966 Tonghae Street,Anhalt Sachsen,36481,198,Mannheim,38,Germany
252,Mattie Hoffman,mattie.hoffman@sakilacustomer.org,Yes,256,1497 Yuzhou Drive,England,3433,312,London,102,United Kingdom
253,Terry Carlson,terry.carlson@sakilacustomer.org,Yes,258,752 Ondo Loop,Miyazaki,32474,338,Osaka,50,Japan
254,Maxine Silva,maxine.silva@sakilacustomer.org,Yes,259,1338 Zalantun Lane,Minas Gerais,45403,413,Rio de Janeiro,15,Brazil
255,Irma Pearson,irma.pearson@sakilacustomer.org,Yes,260,127 Iwakuni Boulevard,Central Luzon,20777,192,Manila,75,Philippines
256,Mabel Holland,mabel.holland@sakilacustomer.org,Yes,261,51 Laredo Avenue,Sagaing,68146,342,Bangkok,94,Thailand
257,Marsha Douglas,marsha.douglas@sakilacustomer.org,Yes,262,771 Yaound Manor,Sofala,86768,64,Sofia,17,Bulgaria
258,Myrtle Fleming,myrtle.fleming@sakilacustomer.org,Yes,263,532 Toulon Street,Santiago,69517,460,Medellin,24,Colombia
259,Lena Jensen,lena.jensen@sakilacustomer.org,Yes,264,1027 Banjul Place,West Bengali,50390,197,Mumbai,44,India
260,Christy Vargas,christy.vargas@sakilacustomer.org,Yes,265,1158 Mandi Bahauddin Parkway,Shanxi,98484,136,Wuhan,23,China
261,Deanna Byrd,deanna.byrd@sakilacustomer.org,Yes,266,862 Xintai Lane,Cagayan Valley,30065,548,Manila,75,Philippines
262,Patsy Davidson,patsy.davidson@sakilacustomer.org,Yes,267,816 Cayenne Parkway,Manab,93629,414,Medellin,24,Colombia
263,Hilda Hopkins,hilda.hopkins@sakilacustomer.org,Yes,268,1831 Nam Dinh Loop,National Capital Reg,51990,323,Batangas,75,Philippines
264,Gwendolyn May,gwendolyn.may@sakilacustomer.org,Yes,269,446 Kirovo-Tepetsk Lane,Osaka,19428,203,Osaka,50,Japan
265,Jennie Terry,jennie.terry@sakilacustomer.org,Yes,270,682 Halisahar Place,Severn Morava,20536,378,Sofia,17,Bulgaria
266,Nora Herrera,nora.herrera@sakilacustomer.org,Yes,271,1587 Loja Manor,Salzburg,5410,447,Salzburg,9,Austria
267,Margie Wade,margie.wade@sakilacustomer.org,Yes,272,1762 Paarl Parkway,Hunan,53928,298,Wuhan,23,China
268,Nina Soto,nina.soto@sakilacustomer.org,Yes,273,1519 Ilorin Place,Kerala,49298,395,Mumbai,44,India
269,Cassandra Walters,cassandra.walters@sakilacustomer.org,Yes,274,920 Kumbakonam Loop,California,75090,446,Salinas,103,United States
270,Leah Curtis,leah.curtis@sakilacustomer.org,Yes,275,906 Goinia Way,Wielkopolskie,83565,255,Poznan,76,Poland
271,Penny Neal,penny.neal@sakilacustomer.org,No,276,1675 Xiangfan Manor,Tamil Nadu,11763,283,Mumbai,44,India
272,Kay Caldwell,kay.caldwell@sakilacustomer.org,Yes,277,85 San Felipe de Puerto Plata Drive,Shandong,46063,584,Yinchuan,23,China
273,Priscilla Lowe,priscilla.lowe@sakilacustomer.org,Yes,278,144 South Hill Loop,Guanajuato,2012,445,Acapulco,60,Mexico
274,Naomi Jennings,naomi.jennings@sakilacustomer.org,Yes,279,1884 Shikarpur Avenue,Haryana,85548,263,Mumbai,44,India
275,Carole Barnett,carole.barnett@sakilacustomer.org,Yes,280,1980 Kamjanets-Podilskyi Street,Illinois,89502,404,Peoria,103,United States
276,Brandy Graves,brandy.graves@sakilacustomer.org,Yes,281,1944 Bamenda Way,Michigan,24645,573,Warren,103,United States
277,Olga Jimenez,olga.jimenez@sakilacustomer.org,Yes,282,556 Baybay Manor,Oyo & Osun,55802,374,Abuja,69,Nigeria
278,Billie Horton,billie.horton@sakilacustomer.org,Yes,283,457 Tongliao Loop,Bursa,56254,222,Izmir,97,Turkey
279,Dianne Shelton,dianne.shelton@sakilacustomer.org,Yes,284,600 Bradford Street,East Azerbaidzan,96204,514,Salzburg,9,Austria
280,Tracey Barrett,tracey.barrett@sakilacustomer.org,Yes,285,1006 Santa Brbara dOeste Manor,Ondo & Ekiti,36229,389,Abuja,69,Nigeria
281,Leona Obrien,leona.obrien@sakilacustomer.org,Yes,286,1308 Sumy Loop,Fujian,30657,175,Yinchuan,23,China
282,Jenny Castro,jenny.castro@sakilacustomer.org,Yes,287,1405 Chisinau Place,Ponce,8160,411,Izmir,97,Turkey
283,Felicia Sutton,felicia.sutton@sakilacustomer.org,Yes,288,226 Halifax Street,Xinxiang,58492,277,Yinchuan,23,China
284,Sonia Gregory,sonia.gregory@sakilacustomer.org,Yes,289,1279 Udine Parkway,Edo & Delta,75860,69,Abuja,69,Nigeria
285,Miriam Mckinney,miriam.mckinney@sakilacustomer.org,Yes,290,1336 Benin City Drive,Shiga,46044,386,Osaka,50,Japan
286,Velma Lucas,velma.lucas@sakilacustomer.org,Yes,291,1155 Liaocheng Place,Oyo & Osun,22650,152,Abuja,69,Nigeria
287,Becky Miles,becky.miles@sakilacustomer.org,Yes,292,1993 Tabuk Lane,Tamil Nadu,64221,522,Mumbai,44,India
288,Bobbie Craig,bobbie.craig@sakilacustomer.org,Yes,293,86 Higashiosaka Lane,Guanajuato,33768,563,Acapulco,60,Mexico
289,Violet Rodriquez,violet.rodriquez@sakilacustomer.org,Yes,294,1912 Allende Manor,Kowloon and New Kowl,58124,279,Bologne,49,Italy
290,Kristina Chambers,kristina.chambers@sakilacustomer.org,Yes,295,544 Tarsus Boulevard,Gurico,53145,562,Caracas,104,Venezuela
291,Toni Holt,toni.holt@sakilacustomer.org,Yes,296,1936 Cuman Avenue,Virginia,61195,433,Roanoke,103,United States
292,Misty Lambert,misty.lambert@sakilacustomer.org,Yes,297,1192 Tongliao Street,Sharja,19065,470,Dortmund,38,Germany
293,Mae Fletcher,mae.fletcher@sakilacustomer.org,Yes,298,44 Najafabad Way,Baskimaa,61391,146,Barcelona,87,Spain
294,Shelly Watts,shelly.watts@sakilacustomer.org,Yes,299,32 Pudukkottai Lane,Ohio,38834,140,Dayton,103,United States
295,Daisy Bates,daisy.bates@sakilacustomer.org,Yes,300,661 Chisinau Lane,Pietari,8856,274,Kolpino,80,Russian Federation
296,Ramona Hale,ramona.hale@sakilacustomer.org,Yes,301,951 Stara Zagora Manor,Punjab,98573,400,Mumbai,44,India
297,Sherri Rhodes,sherri.rhodes@sakilacustomer.org,Yes,302,922 Vila Velha Loop,Maharashtra,4085,9,Mumbai,44,India
298,Erika Pena,erika.pena@sakilacustomer.org,Yes,303,898 Jining Lane,Pohjois-Pohjanmaa,40070,387,Dortmund,38,Germany
299,James Gannon,james.gannon@sakilacustomer.org,Yes,304,1635 Kuwana Boulevard,Hiroshima,52137,205,Osaka,50,Japan
300,John Farnsworth,john.farnsworth@sakilacustomer.org,Yes,305,41 El Alto Parkway,Maharashtra,56883,398,Mumbai,44,India
301,Robert Baughman,robert.baughman@sakilacustomer.org,Yes,306,1883 Maikop Lane,Kaliningrad,68469,254,Kursk,80,Russian Federation
302,Michael Silverman,michael.silverman@sakilacustomer.org,Yes,307,1908 Gaziantep Place,Liaoning,58979,536,Yinchuan,23,China
303,William Satterfield,william.satterfield@sakilacustomer.org,Yes,308,687 Alessandria Parkway,Sanaa,57587,455,Marakesh,62,Morocco
304,David Royal,david.royal@sakilacustomer.org,Yes,309,827 Yuncheng Drive,Callao,79047,99,Lima,74,Peru
305,Richard Mccrary,richard.mccrary@sakilacustomer.org,Yes,310,913 Coacalco de Berriozbal Loop,Texas,42141,33,Arlington,103,United States
306,Charles Kowalski,charles.kowalski@sakilacustomer.org,Yes,311,715 So Bernardo do Campo Lane,Kedah,84804,507,Kuala Lumpur,59,Malaysia
307,Joseph Joy,joseph.joy@sakilacustomer.org,Yes,312,1354 Siegen Street,Rio de Janeiro,80184,25,Belo Horizonte,15,Brazil
308,Thomas Grigsby,thomas.grigsby@sakilacustomer.org,Yes,313,1191 Sungai Petani Boulevard,Missouri,9668,262,Kansas City,103,United States
309,Christopher Greco,christopher.greco@sakilacustomer.org,Yes,314,1224 Huejutla de Reyes Boulevard,Lombardia,70923,91,Livorno,49,Italy
310,Daniel Cabral,daniel.cabral@sakilacustomer.org,Yes,315,543 Bergamo Avenue,Minas Gerais,59686,215,Belo Horizonte,15,Brazil
311,Paul Trout,paul.trout@sakilacustomer.org,Yes,316,746 Joliet Lane,Kursk,94878,286,Kursk,80,Russian Federation
312,Mark Rinehart,mark.rinehart@sakilacustomer.org,Yes,317,780 Kimberley Way,Tabuk,17032,515,Rotterdam,67,Netherlands
313,Donald Mahon,donald.mahon@sakilacustomer.org,Yes,318,1774 Yaound Place,Hubei,91400,166,Yinchuan,23,China
314,George Linton,george.linton@sakilacustomer.org,Yes,319,1957 Yantai Lane,So Paulo,59255,490,Belo Horizonte,15,Brazil
315,Kenneth Gooden,kenneth.gooden@sakilacustomer.org,No,320,1542 Lubumbashi Boulevard,Tel Aviv,62472,57,Livorno,49,Italy
316,Steven Curley,steven.curley@sakilacustomer.org,Yes,321,651 Pathankot Loop,Maharashtra,59811,336,Mumbai,44,India
317,Edward Baugh,edward.baugh@sakilacustomer.org,Yes,322,1359 Zhoushan Parkway,Streymoyar,29763,545,Medellin,24,Colombia
318,Brian Wyman,brian.wyman@sakilacustomer.org,Yes,323,1769 Iwaki Lane,Kujawsko-Pomorskie,25787,97,Poznan,76,Poland
319,Ronald Weiner,ronald.weiner@sakilacustomer.org,Yes,324,1145 Vilnius Manor,Mxico,73170,451,Acapulco,60,Mexico
320,Anthony Schwab,anthony.schwab@sakilacustomer.org,Yes,325,1892 Nabereznyje Telny Lane,Tutuila,28396,516,Cairo,29,Egypt
321,Kevin Schuler,kevin.schuler@sakilacustomer.org,Yes,326,470 Boksburg Street,Central,97960,81,Karachi,72,Pakistan
322,Jason Morrissey,jason.morrissey@sakilacustomer.org,Yes,327,1427 A Corua (La Corua) Place,Buenos Aires,85799,45,Buenos Aires,6,Argentina
323,Matthew Mahan,matthew.mahan@sakilacustomer.org,Yes,328,479 San Felipe del Progreso Avenue,Morelos,54949,130,Acapulco,60,Mexico
324,Gary Coy,gary.coy@sakilacustomer.org,Yes,329,867 Benin City Avenue,Henan,78543,591,Yinchuan,23,China
325,Timothy Bunn,timothy.bunn@sakilacustomer.org,Yes,330,981 Kumbakonam Place,Distrito Federal,87611,89,Belo Horizonte,15,Brazil
326,Jose Andrew,jose.andrew@sakilacustomer.org,Yes,331,1016 Iwakuni Street,St George,49833,269,Johannesburg,85,South Africa
327,Larry Thrasher,larry.thrasher@sakilacustomer.org,Yes,332,663 Baha Blanca Parkway,Adana,33463,5,Izmir,97,Turkey
328,Jeffrey Spear,jeffrey.spear@sakilacustomer.org,Yes,333,1860 Taguig Loop,West Java,59550,119,Oshawa,20,Canada
329,Frank Waggoner,frank.waggoner@sakilacustomer.org,Yes,334,1816 Bydgoszcz Loop,Dhaka,64308,234,Karachi,72,Pakistan
330,Scott Shelley,scott.shelley@sakilacustomer.org,Yes,335,587 Benguela Manor,Illinois,91590,42,Aurora,103,United States
331,Eric Robert,eric.robert@sakilacustomer.org,Yes,336,430 Kumbakonam Drive,Santa F,28814,457,Buenos Aires,6,Argentina
332,Stephen Qualls,stephen.qualls@sakilacustomer.org,Yes,337,1838 Tabriz Lane,Dhaka,1195,143,Karachi,72,Pakistan
333,Andrew Purdy,andrew.purdy@sakilacustomer.org,Yes,338,431 Szkesfehrvr Avenue,Baki,57828,48,Karachi,72,Pakistan
334,Raymond Mcwhorter,raymond.mcwhorter@sakilacustomer.org,Yes,339,503 Sogamoso Loop,Sumqayit,49812,505,Karachi,72,Pakistan
335,Gregory Mauldin,gregory.mauldin@sakilacustomer.org,Yes,340,507 Smolensk Loop,Sousse,22971,492,Marakesh,62,Morocco
336,Joshua Mark,joshua.mark@sakilacustomer.org,Yes,341,1920 Weifang Avenue,Uttar Pradesh,15643,427,Mumbai,44,India
337,Jerry Jordon,jerry.jordon@sakilacustomer.org,Yes,342,124 al-Manama Way,Hiroshima,52368,382,Osaka,50,Japan
338,Dennis Gilman,dennis.gilman@sakilacustomer.org,Yes,343,1443 Mardan Street,Western Cape,31483,392,Johannesburg,85,South Africa
339,Walter Perryman,walter.perryman@sakilacustomer.org,Yes,344,1909 Benguela Lane,Henan,19913,581,Yinchuan,23,China
340,Patrick Newsom,patrick.newsom@sakilacustomer.org,Yes,345,68 Ponce Parkway,Hanoi,85926,201,Bangkok,94,Thailand
341,Peter Menard,peter.menard@sakilacustomer.org,Yes,346,1217 Konotop Avenue,Gelderland,504,151,Rotterdam,67,Netherlands
342,Harold Martino,harold.martino@sakilacustomer.org,Yes,347,1293 Nam Dinh Way,Roraima,71583,84,Porto Alegre,15,Brazil
343,Douglas Graf,douglas.graf@sakilacustomer.org,Yes,348,785 Vaduz Street,Baja California,36170,335,Puerto Vallarta,60,Mexico
344,Henry Billingsley,henry.billingsley@sakilacustomer.org,Yes,349,1516 Escobar Drive,Tongatapu,46069,370,Marakesh,62,Morocco
345,Carl Artis,carl.artis@sakilacustomer.org,Yes,350,1628 Nagareyama Lane,Central,60079,453,Lima,74,Peru
346,Arthur Simpkins,arthur.simpkins@sakilacustomer.org,Yes,351,1157 Nyeri Loop,Adygea,56380,320,Maikop,80,Russian Federation
347,Ryan Salisbury,ryan.salisbury@sakilacustomer.org,Yes,352,1673 Tangail Drive,Daugavpils,26857,137,Rotterdam,67,Netherlands
348,Roger Quintanilla,roger.quintanilla@sakilacustomer.org,Yes,353,381 Kabul Way,Taipei,87272,209,Izmir,97,Turkey
349,Joe Gilliland,joe.gilliland@sakilacustomer.org,Yes,354,953 Hodeida Street,Southern Tagalog,18841,221,Batangas,75,Philippines
350,Juan Fraley,juan.fraley@sakilacustomer.org,Yes,355,469 Nakhon Sawan Street,Tuvassia,58866,531,Teboksary,80,Russian Federation
351,Jack Foust,jack.foust@sakilacustomer.org,Yes,356,1378 Beira Loop,Krasnojarsk,40792,597,Zeleznogorsk,80,Russian Federation
352,Albert Crouse,albert.crouse@sakilacustomer.org,Yes,357,1641 Changhwa Place,Nord-Ouest,37636,52,Abuja,69,Nigeria
353,Jonathan Scarborough,jonathan.scarborough@sakilacustomer.org,Yes,358,1698 Southport Loop,Hidalgo,49009,393,Puerto Vallarta,60,Mexico
354,Justin Ngo,justin.ngo@sakilacustomer.org,Yes,359,519 Nyeri Manor,So Paulo,37650,461,Porto Alegre,15,Brazil
355,Terry Grissom,terry.grissom@sakilacustomer.org,Yes,360,619 Hunuco Avenue,Shimane,81508,331,Osaka,50,Japan
356,Gerald Fultz,gerald.fultz@sakilacustomer.org,Yes,361,45 Aparecida de Goinia Place,Madhya Pradesh,7431,464,Mumbai,44,India
357,Keith Rico,keith.rico@sakilacustomer.org,Yes,362,482 Kowloon and New Kowloon Manor,Bratislava,97056,90,Bratislava,84,Slovakia
358,Samuel Marlow,samuel.marlow@sakilacustomer.org,Yes,363,604 Bern Place,Jharkhand,5373,429,New Delhi,44,India
359,Willie Markham,willie.markham@sakilacustomer.org,Yes,364,1623 Kingstown Drive,Buenos Aires,91299,20,Rosario,6,Argentina
360,Ralph Madrigal,ralph.madrigal@sakilacustomer.org,Yes,365,1009 Zanzibar Lane,Arecibo,64875,32,Antalya,97,Turkey
361,Lawrence Lawton,lawrence.lawton@sakilacustomer.org,Yes,366,114 Jalib al-Shuyukh Manor,Centre,60440,585,Abuja,69,Nigeria
362,Nicholas Barfield,nicholas.barfield@sakilacustomer.org,Yes,367,1163 London Parkway,Par,6066,66,Porto Alegre,15,Brazil
363,Roy Whiting,roy.whiting@sakilacustomer.org,Yes,368,1658 Jastrzebie-Zdrj Loop,Central,96584,372,Nairobi,52,Kenya
364,Benjamin Varney,benjamin.varney@sakilacustomer.org,Yes,369,817 Laredo Avenue,Jalisco,77449,188,Puerto Vallarta,60,Mexico
365,Bruce Schwarz,bruce.schwarz@sakilacustomer.org,Yes,370,1565 Tangail Manor,Okinawa,45750,377,Kobe,50,Japan
366,Brandon Huey,brandon.huey@sakilacustomer.org,Yes,371,1912 Emeishan Drive,Balikesir,33050,50,Antalya,97,Turkey
367,Adam Gooch,adam.gooch@sakilacustomer.org,Yes,372,230 Urawa Drive,Andhra Pradesh,2738,8,New Delhi,44,India
368,Harry Arce,harry.arce@sakilacustomer.org,No,373,1922 Miraj Way,Esfahan,13203,356,Linz,9,Austria
369,Fred Wheat,fred.wheat@sakilacustomer.org,Yes,374,433 Florencia Street,Chihuahua,91330,250,Puerto Vallarta,60,Mexico
370,Wayne Truong,wayne.truong@sakilacustomer.org,Yes,375,1049 Matamoros Parkway,Karnataka,69640,191,New Delhi,44,India
371,Billy Poulin,billy.poulin@sakilacustomer.org,Yes,376,1061 Ede Avenue,Southern Tagalog,57810,98,Batangas,75,Philippines
372,Steve Mackenzie,steve.mackenzie@sakilacustomer.org,Yes,377,154 Oshawa Manor,East Java,72771,415,Montreal,20,Canada
373,Louis Leone,louis.leone@sakilacustomer.org,Yes,378,1191 Tandil Drive,Southern Tagalog,6362,523,Batangas,75,Philippines
374,Jeremy Hurtado,jeremy.hurtado@sakilacustomer.org,Yes,379,1133 Rizhao Avenue,Pernambuco,2800,572,Porto Alegre,15,Brazil
375,Aaron Selby,aaron.selby@sakilacustomer.org,Yes,380,1519 Santiago de los Caballeros Loop,East Kasai,22025,348,Abuja,69,Nigeria
376,Randy Gaither,randy.gaither@sakilacustomer.org,Yes,381,1618 Olomouc Manor,Kurgan,26385,285,Kurgan,80,Russian Federation
377,Howard Fortner,howard.fortner@sakilacustomer.org,Yes,382,220 Hidalgo Drive,Kermanshah,45298,265,Linz,9,Austria
378,Eugene Culpepper,eugene.culpepper@sakilacustomer.org,Yes,383,686 Donostia-San Sebastin Lane,Guangdong,97390,471,Yinchuan,23,China
379,Carlos Coughlin,carlos.coughlin@sakilacustomer.org,Yes,384,97 Mogiljov Lane,Gujarat,89294,73,New Delhi,44,India
380,Russell Brinson,russell.brinson@sakilacustomer.org,Yes,385,1642 Charlotte Amalie Drive,Slaskie,75442,549,Krakow,76,Poland
381,Bobby Boudreau,bobby.boudreau@sakilacustomer.org,Yes,386,1368 Maracabo Boulevard,,32716,493,Cairo,29,Egypt
382,Victor Barkley,victor.barkley@sakilacustomer.org,Yes,387,401 Sucre Boulevard,Texas,25007,322,Dallas,103,United States
383,Martin Bales,martin.bales@sakilacustomer.org,Yes,388,368 Hunuco Boulevard,Namibe,17165,360,Cairo,29,Egypt
384,Ernest Stepp,ernest.stepp@sakilacustomer.org,Yes,389,500 Lincoln Parkway,Jiangsu,95509,210,Shanghai,23,China
385,Phillip Holm,phillip.holm@sakilacustomer.org,Yes,390,102 Chapra Drive,Ibaragi,14073,521,Kobe,50,Japan
386,Todd Tan,todd.tan@sakilacustomer.org,Yes,391,1793 Meixian Place,Hmelnytskyi,33535,258,Sofia,17,Bulgaria
387,Jesse Schilling,jesse.schilling@sakilacustomer.org,Yes,392,514 Ife Way,Shaba,69973,315,Abuja,69,Nigeria
388,Craig Morrell,craig.morrell@sakilacustomer.org,Yes,393,717 Changzhou Lane,Southern Tagalog,21615,104,Batangas,75,Philippines
389,Alan Kahn,alan.kahn@sakilacustomer.org,Yes,394,753 Ilorin Avenue,Sichuan,3656,157,Shanghai,23,China
390,Shawn Heaton,shawn.heaton@sakilacustomer.org,Yes,395,1337 Mit Ghamr Avenue,Nakhon Sawan,29810,358,Bangkok,94,Thailand
391,Clarence Gamez,clarence.gamez@sakilacustomer.org,Yes,396,767 Pyongyang Drive,Osaka,83536,229,Kobe,50,Japan
392,Sean Douglass,sean.douglass@sakilacustomer.org,Yes,397,614 Pak Kret Street,Addis Abeba,27796,6,Salzburg,9,Austria
393,Philip Causey,philip.causey@sakilacustomer.org,Yes,398,954 Lapu-Lapu Way,Moskova,8816,278,Korolev,80,Russian Federation
394,Chris Brothers,chris.brothers@sakilacustomer.org,Yes,399,331 Bydgoszcz Parkway,Asturia,966,181,Barcelona,87,Spain
395,Johnny Turpin,johnny.turpin@sakilacustomer.org,Yes,400,1152 Citrus Heights Manor,al-Qadarif,5239,15,Cordoba,87,Spain
396,Earl Shanks,earl.shanks@sakilacustomer.org,Yes,401,168 Cianjur Manor,Saitama,73824,228,Kobe,50,Japan
397,Jimmy Schrader,jimmy.schrader@sakilacustomer.org,Yes,402,616 Hagonoy Avenue,Krasnojarsk,46043,39,Atinsk,80,Russian Federation
398,Antonio Meek,antonio.meek@sakilacustomer.org,Yes,403,1190 0 Place,Rio Grande do Sul,10417,44,Porto Alegre,15,Brazil
399,Danny Isom,danny.isom@sakilacustomer.org,Yes,404,734 Bchar Place,Punjab,30586,375,Karachi,72,Pakistan
400,Bryan Hardison,bryan.hardison@sakilacustomer.org,Yes,405,530 Lausanne Lane,Texas,11067,135,Dallas,103,United States
401,Tony Carranza,tony.carranza@sakilacustomer.org,Yes,406,454 Patiala Lane,Fukushima,13496,276,Kobe,50,Japan
402,Luis Yanez,luis.yanez@sakilacustomer.org,Yes,407,1346 Mysore Drive,Bretagne,61507,92,Brest,34,France
403,Mike Way,mike.way@sakilacustomer.org,Yes,408,990 Etawah Loop,Tamil Nadu,79940,564,New Delhi,44,India
404,Stanley Scroggins,stanley.scroggins@sakilacustomer.org,Yes,409,1266 Laredo Parkway,Saitama,7664,380,Kobe,50,Japan
405,Leonard Schofield,leonard.schofield@sakilacustomer.org,Yes,410,88 Nagaon Manor,Buenos Aires,86868,524,Rosario,6,Argentina
406,Nathan Runyon,nathan.runyon@sakilacustomer.org,No,411,264 Bhimavaram Manor,St Thomas,54749,111,Johannesburg,85,South Africa
407,Dale Ratcliff,dale.ratcliff@sakilacustomer.org,Yes,412,1639 Saarbrcken Drive,North West,9827,437,Johannesburg,85,South Africa
408,Manuel Murrell,manuel.murrell@sakilacustomer.org,Yes,413,692 Amroha Drive,Northern,35575,230,Marakesh,62,Morocco
409,Rodney Moeller,rodney.moeller@sakilacustomer.org,Yes,414,1936 Lapu-Lapu Parkway,Bauchi & Gombe,7122,141,Abuja,69,Nigeria
410,Curtis Irby,curtis.irby@sakilacustomer.org,Yes,415,432 Garden Grove Street,Ontario,65630,430,Montreal,20,Canada
411,Norman Currier,norman.currier@sakilacustomer.org,Yes,416,1445 Carmen Parkway,West Java,70809,117,Montreal,20,Canada
412,Allen Butterfield,allen.butterfield@sakilacustomer.org,Yes,417,791 Salinas Street,Punjab,40509,208,New Delhi,44,India
413,Marvin Yee,marvin.yee@sakilacustomer.org,Yes,418,126 Acua Parkway,West Bengali,58888,71,New Delhi,44,India
414,Vincent Ralston,vincent.ralston@sakilacustomer.org,Yes,419,397 Sunnyvale Avenue,Guanajuato,55566,19,Puerto Vallarta,60,Mexico
415,Glenn Pullen,glenn.pullen@sakilacustomer.org,Yes,420,992 Klerksdorp Loop,Utrecht,33711,23,Rotterdam,67,Netherlands
416,Jeffery Pinson,jeffery.pinson@sakilacustomer.org,Yes,421,966 Arecibo Loop,Sind,94018,134,Karachi,72,Pakistan
417,Travis Estep,travis.estep@sakilacustomer.org,Yes,422,289 Santo Andr Manor,al-Sharqiya,72410,16,Amsterdam,67,Netherlands
418,Jeff East,jeff.east@sakilacustomer.org,Yes,423,437 Chungho Drive,Puerto Plata,59489,450,Bogota,24,Colombia
419,Chad Carbone,chad.carbone@sakilacustomer.org,Yes,424,1948 Bayugan Parkway,Bihar,60622,264,New Delhi,44,India
420,Jacob Lance,jacob.lance@sakilacustomer.org,Yes,425,1866 al-Qatif Avenue,California,89420,155,El Monte,103,United States
421,Lee Hawks,lee.hawks@sakilacustomer.org,Yes,426,1661 Abha Drive,Tamil Nadu,14400,416,New Delhi,44,India
422,Melvin Ellington,melvin.ellington@sakilacustomer.org,Yes,427,1557 Cape Coral Parkway,Hubei,46875,293,Shanghai,23,China
423,Alfred Casillas,alfred.casillas@sakilacustomer.org,Yes,428,1727 Matamoros Place,Sawhaj,78813,465,Cairo,29,Egypt
424,Kyle Spurlock,kyle.spurlock@sakilacustomer.org,Yes,429,1269 Botosani Manor,Guangdong,47394,468,Shanghai,23,China
425,Francis Sikes,francis.sikes@sakilacustomer.org,Yes,430,355 Vitria de Santo Anto Way,Oaxaca,81758,452,Puerto Vallarta,60,Mexico
426,Bradley Motley,bradley.motley@sakilacustomer.org,Yes,431,1596 Acua Parkway,Jharkhand,70425,418,New Delhi,44,India
427,Jesus Mccartney,jesus.mccartney@sakilacustomer.org,Yes,432,259 Ipoh Drive,So Paulo,64964,189,Porto Alegre,15,Brazil
428,Herbert Kruger,herbert.kruger@sakilacustomer.org,Yes,433,1823 Hoshiarpur Lane,Komi,33191,510,Syktyvkar,80,Russian Federation
429,Frederick Isbell,frederick.isbell@sakilacustomer.org,Yes,434,1404 Taguig Drive,Okayama,87212,547,Kumamoto,50,Japan
430,Ray Houle,ray.houle@sakilacustomer.org,Yes,435,740 Udaipur Lane,Nizni Novgorod,33505,150,Dzerzinsk,80,Russian Federation
431,Joel Francisco,joel.francisco@sakilacustomer.org,Yes,436,287 Cuautla Boulevard,Chuquisaca,72736,501,Maracaibo,104,Venezuela
432,Edwin Burk,edwin.burk@sakilacustomer.org,Yes,437,1766 Almirante Brown Street,KwaZulu-Natal,63104,364,Kimberley,85,South Africa
433,Don Bone,don.bone@sakilacustomer.org,Yes,438,596 Huixquilucan Place,Nampula,65892,351,Sofia,17,Bulgaria
434,Eddie Tomlin,eddie.tomlin@sakilacustomer.org,Yes,439,1351 Aparecida de Goinia Parkway,Northern Mindanao,41775,391,Batangas,75,Philippines
435,Ricky Shelby,ricky.shelby@sakilacustomer.org,Yes,440,722 Bradford Lane,Shandong,90920,249,Shanghai,23,China
436,Troy Quigley,troy.quigley@sakilacustomer.org,Yes,441,983 Santa F Way,British Colombia,47472,565,Vancouver,20,Canada
437,Randall Neumann,randall.neumann@sakilacustomer.org,Yes,442,1245 Ibirit Way,La Romana,40926,290,Bogota,24,Colombia
438,Barry Lovelace,barry.lovelace@sakilacustomer.org,Yes,443,1836 Korla Parkway,Copperbelt,55405,272,Kimberley,85,South Africa
439,Alexander Fennell,alexander.fennell@sakilacustomer.org,Yes,444,231 Kaliningrad Place,Lombardia,57833,70,Bergamo,49,Italy
440,Bernard Colby,bernard.colby@sakilacustomer.org,Yes,445,495 Bhimavaram Lane,Maharashtra,3,144,New Delhi,44,India
441,Mario Cheatham,mario.cheatham@sakilacustomer.org,Yes,446,1924 Shimonoseki Drive,Batna,52625,59,Hurghada,29,Egypt
442,Leroy Bustamante,leroy.bustamante@sakilacustomer.org,Yes,447,105 Dzerzinsk Manor,Inner Mongolia,48570,540,Shanghai,23,China
443,Francisco Skidmore,francisco.skidmore@sakilacustomer.org,Yes,448,614 Denizli Parkway,Rio Grande do Sul,29444,486,Curitiba,15,Brazil
444,Marcus Hidalgo,marcus.hidalgo@sakilacustomer.org,Yes,449,1289 Belm Boulevard,Tartumaa,88306,530,Salzburg,9,Austria
445,Micheal Forman,micheal.forman@sakilacustomer.org,Yes,450,203 Tambaram Street,Buenos Aires,73942,161,Rosario,6,Argentina
446,Theodore Culp,theodore.culp@sakilacustomer.org,No,451,1704 Tambaram Manor,West Bengali,2834,554,New Delhi,44,India
447,Clifford Bowens,clifford.bowens@sakilacustomer.org,Yes,452,207 Cuernavaca Loop,Tatarstan,52671,352,Nabereznyje Telny,80,Russian Federation
448,Miguel Betancourt,miguel.betancourt@sakilacustomer.org,Yes,453,319 Springs Loop,Baijeri,99552,160,Dortmund,38,Germany
449,Oscar Aquino,oscar.aquino@sakilacustomer.org,Yes,454,956 Nam Dinh Manor,Kerman,21872,481,Salzburg,9,Austria
450,Jay Robb,jay.robb@sakilacustomer.org,Yes,455,1947 Paarl Way,Central Java,23636,509,Montreal,20,Canada
451,Jim Rea,jim.rea@sakilacustomer.org,Yes,456,814 Simferopol Loop,Sinaloa,48745,154,Puerto Vallarta,60,Mexico
452,Tom Milner,tom.milner@sakilacustomer.org,Yes,457,535 Ahmadnagar Manor,Abu Dhabi,41136,3,Leipzig,38,Germany
453,Calvin Martel,calvin.martel@sakilacustomer.org,Yes,458,138 Caracas Boulevard,Zulia,16790,326,Maracaibo,104,Venezuela
454,Alex Gresham,alex.gresham@sakilacustomer.org,Yes,459,251 Florencia Drive,Michoacn de Ocampo,16119,556,Puerto Vallarta,60,Mexico
455,Jon Wiles,jon.wiles@sakilacustomer.org,Yes,460,659 Gatineau Boulevard,La Paz,28587,153,Maracaibo,104,Venezuela
456,Ronnie Ricketts,ronnie.ricketts@sakilacustomer.org,Yes,461,1889 Valparai Way,Ziguinchor,75559,600,Kimberley,85,South Africa
457,Bill Gavin,bill.gavin@sakilacustomer.org,Yes,462,1485 Bratislava Place,Illinois,83183,435,Rockford,103,United States
458,Lloyd Dowd,lloyd.dowd@sakilacustomer.org,Yes,463,935 Aden Boulevard,Central Java,64709,532,Halifax,20,Canada
459,Tommy Collazo,tommy.collazo@sakilacustomer.org,Yes,464,76 Kermanshah Manor,Esfahan,23343,423,Salzburg,9,Austria
460,Leon Bostic,leon.bostic@sakilacustomer.org,Yes,465,734 Tanshui Avenue,Caquet,70664,170,Bogota,24,Colombia
461,Derek Blakely,derek.blakely@sakilacustomer.org,Yes,466,118 Jaffna Loop,Northern Mindanao,10447,182,Batangas,75,Philippines
462,Warren Sherrod,warren.sherrod@sakilacustomer.org,Yes,467,1621 Tongliao Avenue,Irkutsk,22173,558,Usolje-Sibirskoje,80,Russian Federation
463,Darrell Power,darrell.power@sakilacustomer.org,Yes,468,1844 Usak Avenue,Nova Scotia,84461,196,Halifax,20,Canada
464,Jerome Kenyon,jerome.kenyon@sakilacustomer.org,Yes,469,1872 Toulon Loop,OHiggins,7939,428,Bogota,24,Colombia
465,Floyd Gandy,floyd.gandy@sakilacustomer.org,Yes,470,1088 Ibirit Place,Jalisco,88502,595,Durango,60,Mexico
466,Leo Ebert,leo.ebert@sakilacustomer.org,Yes,471,1322 Mosul Parkway,Shandong,95400,145,Shanghai,23,China
467,Alvin Deloach,alvin.deloach@sakilacustomer.org,Yes,472,1447 Chatsworth Place,Chihuahua,41545,129,Durango,60,Mexico
468,Tim Cary,tim.cary@sakilacustomer.org,Yes,473,1257 Guadalajara Street,Karnataka,33599,78,New Delhi,44,India
469,Wesley Bull,wesley.bull@sakilacustomer.org,Yes,474,1469 Plock Lane,Galicia,95835,388,Cordoba,87,Spain
470,Gordon Allard,gordon.allard@sakilacustomer.org,Yes,475,434 Ourense (Orense) Manor,Hodeida,14122,206,Marakesh,62,Morocco
471,Dean Sauer,dean.sauer@sakilacustomer.org,Yes,476,270 Tambaram Parkway,Gauteng,9668,244,Springs,85,South Africa
472,Greg Robins,greg.robins@sakilacustomer.org,Yes,477,1786 Salinas Place,Nam Ha,66546,359,Bangkok,94,Thailand
473,Jorge Olivares,jorge.olivares@sakilacustomer.org,Yes,478,1078 Stara Zagora Drive,Aceh,69221,301,Gatineau,20,Canada
474,Dustin Gillette,dustin.gillette@sakilacustomer.org,Yes,479,1854 Okara Boulevard,Drenthe,42123,158,Amsterdam,67,Netherlands
475,Pedro Chestnut,pedro.chestnut@sakilacustomer.org,Yes,480,421 Yaound Street,Sumy,11363,385,Sofia,17,Bulgaria
476,Derrick Bourque,derrick.bourque@sakilacustomer.org,Yes,481,1153 Allende Way,Qubec,20336,179,Gatineau,20,Canada
477,Dan Paine,dan.paine@sakilacustomer.org,Yes,482,808 Naala-Porto Parkway,England,41060,500,Stockport,102,United Kingdom
478,Lewis Lyman,lewis.lyman@sakilacustomer.org,Yes,483,632 Usolje-Sibirskoje Parkway,Ha Darom,73085,36,Bergamo,49,Italy
479,Zachary Hite,zachary.hite@sakilacustomer.org,Yes,484,98 Pyongyang Boulevard,Ohio,88749,11,Akron,103,United States
480,Corey Hauser,corey.hauser@sakilacustomer.org,Yes,485,984 Novoterkassk Loop,Gaziantep,28165,180,Antalya,97,Turkey
481,Herman Devore,herman.devore@sakilacustomer.org,Yes,486,64 Korla Street,Mwanza,25145,347,Marakesh,62,Morocco
482,Maurice Crawley,maurice.crawley@sakilacustomer.org,No,487,1785 So Bernardo do Campo Street,Veracruz,71182,125,Durango,60,Mexico
483,Vernon Chapa,vernon.chapa@sakilacustomer.org,Yes,488,698 Jelets Boulevard,Denizli,2596,142,Antalya,97,Turkey
484,Roberto Vu,roberto.vu@sakilacustomer.org,Yes,489,1297 Alvorada Parkway,Ningxia,11839,587,Shanghai,23,China
485,Clyde Tobias,clyde.tobias@sakilacustomer.org,Yes,490,1909 Dayton Avenue,Guangdong,88513,469,Shanghai,23,China
486,Glen Talbert,glen.talbert@sakilacustomer.org,Yes,491,1789 Saint-Denis Parkway,Coahuila de Zaragoza,8268,4,Durango,60,Mexico
487,Hector Poindexter,hector.poindexter@sakilacustomer.org,Yes,492,185 Mannheim Lane,Stavropol,23661,408,Pjatigorsk,80,Russian Federation
488,Shane Millard,shane.millard@sakilacustomer.org,Yes,493,184 Mandaluyong Street,Baja California Sur,94239,288,Durango,60,Mexico
489,Ricardo Meador,ricardo.meador@sakilacustomer.org,Yes,494,591 Sungai Petani Drive,Okayama,46400,376,Kumamoto,50,Japan
490,Sam Mcduffie,sam.mcduffie@sakilacustomer.org,Yes,495,656 Matamoros Drive,Boyac,19489,487,Bogota,24,Colombia
491,Rick Mattox,rick.mattox@sakilacustomer.org,Yes,496,775 ostka Drive,al-Daqahliya,22358,337,Hurghada,29,Egypt
492,Lester Kraus,lester.kraus@sakilacustomer.org,Yes,497,1013 Tabuk Boulevard,West Bengali,96203,261,New Delhi,44,India
493,Brent Harkins,brent.harkins@sakilacustomer.org,Yes,498,319 Plock Parkway,Istanbul,26101,504,Antalya,97,Turkey
494,Ramon Choate,ramon.choate@sakilacustomer.org,Yes,499,1954 Kowloon and New Kowloon Way,Chimborazo,63667,434,Bogota,24,Colombia
495,Charlie Bess,charlie.bess@sakilacustomer.org,Yes,500,362 Rajkot Lane,Gansu,98030,47,Shanghai,23,China
496,Tyler Wren,tyler.wren@sakilacustomer.org,Yes,501,1060 Tandil Lane,Shandong,72349,432,Shanghai,23,China
497,Gilbert Sledge,gilbert.sledge@sakilacustomer.org,Yes,502,1515 Korla Way,England,57197,589,York,102,United Kingdom
498,Gene Sanborn,gene.sanborn@sakilacustomer.org,Yes,503,1416 San Juan Bautista Tuxtepec Avenue,Zufar,50592,444,Amsterdam,67,Netherlands
499,Marc Outlaw,marc.outlaw@sakilacustomer.org,Yes,504,1 Valle de Santiago Avenue,Apulia,86208,93,Bergamo,49,Italy
500,Reginald Kinder,reginald.kinder@sakilacustomer.org,Yes,505,519 Brescia Parkway,East Java,69504,318,Gatineau,20,Canada
501,Ruben Geary,ruben.geary@sakilacustomer.org,Yes,506,414 Mandaluyong Street,Lubelskie,16370,314,Lublin,76,Poland
502,Brett Cornwell,brett.cornwell@sakilacustomer.org,Yes,507,1197 Sokoto Boulevard,West Bengali,87687,478,Patna,44,India
503,Angel Barclay,angel.barclay@sakilacustomer.org,Yes,508,496 Celaya Drive,Nagano,90797,552,Kumamoto,50,Japan
504,Nathaniel Adam,nathaniel.adam@sakilacustomer.org,Yes,509,786 Matsue Way,Illinois,37469,245,Joliet,103,United States
505,Rafael Abney,rafael.abney@sakilacustomer.org,Yes,510,48 Maracabo Place,Central Luzon,1570,519,Angeles,75,Philippines
506,Leslie Seward,leslie.seward@sakilacustomer.org,Yes,511,1152 al-Qatif Lane,Kalimantan Barat,44816,412,Montreal,20,Canada
507,Edgar Rhoads,edgar.rhoads@sakilacustomer.org,Yes,512,1269 Ipoh Avenue,Eskisehir,54674,163,Antalya,97,Turkey
508,Milton Howland,milton.howland@sakilacustomer.org,Yes,513,758 Korolev Parkway,Andhra Pradesh,75474,568,Patna,44,India
509,Raul Fortier,raul.fortier@sakilacustomer.org,Yes,514,1747 Rustenburg Place,Bihar,51369,110,Patna,44,India
510,Ben Easter,ben.easter@sakilacustomer.org,No,515,886 Tonghae Place,Volgograd,19450,259,Kamyin,80,Russian Federation
511,Chester Benner,chester.benner@sakilacustomer.org,Yes,516,1574 Goinia Boulevard,Heilongjiang,39529,502,Shanghai,23,China
512,Cecil Vines,cecil.vines@sakilacustomer.org,Yes,517,548 Uruapan Street,Ontario,35653,312,London,102,United Kingdom
513,Duane Tubbs,duane.tubbs@sakilacustomer.org,Yes,519,962 Tama Loop,,65952,583,Abuja,69,Nigeria
514,Franklin Troutman,franklin.troutman@sakilacustomer.org,Yes,520,1778 Gijn Manor,Hubei,35156,594,Shanghai,23,China
515,Andre Rapp,andre.rapp@sakilacustomer.org,Yes,521,568 Dhule (Dhulia) Loop,Coquimbo,92568,127,Bogota,24,Colombia
516,Elmer Noe,elmer.noe@sakilacustomer.org,Yes,522,1768 Udine Loop,Battambang,32347,60,Bangkok,94,Thailand
517,Brad Mccurdy,brad.mccurdy@sakilacustomer.org,Yes,523,608 Birgunj Parkway,Taipei,400,116,Antalya,97,Turkey
518,Gabriel Harder,gabriel.harder@sakilacustomer.org,Yes,524,680 A Corua (La Corua) Manor,Sivas,49806,482,Ankara,97,Turkey
519,Ron Deluca,ron.deluca@sakilacustomer.org,Yes,525,1949 Sanya Street,Gumma,61244,224,Kumamoto,50,Japan
520,Mitchell Westmoreland,mitchell.westmoreland@sakilacustomer.org,Yes,526,617 Klerksdorp Place,Khanh Hoa,94707,366,Bangkok,94,Thailand
521,Roland South,roland.south@sakilacustomer.org,Yes,527,1993 0 Loop,Liaoning,41214,588,Shanghai,23,China
522,Arnold Havens,arnold.havens@sakilacustomer.org,Yes,528,1176 Southend-on-Sea Manor,Southern Tagalog,81651,458,Angeles,75,Philippines
523,Harvey Guajardo,harvey.guajardo@sakilacustomer.org,Yes,529,600 Purnea (Purnia) Avenue,Nghe An,18043,571,Bangkok,94,Thailand
525,Adrian Clary,adrian.clary@sakilacustomer.org,Yes,531,1986 Sivas Place,Friuli-Venezia Giuli,95775,551,Udine,49,Italy
526,Karl Seal,karl.seal@sakilacustomer.org,Yes,532,1427 Tabuk Place,Florida,31342,101,Cape Coral,103,United States
527,Cory Meehan,cory.meehan@sakilacustomer.org,Yes,533,556 Asuncin Way,Mogiljov,35364,339,Varna,17,Bulgaria
528,Claude Herzog,claude.herzog@sakilacustomer.org,Yes,534,486 Ondo Parkway,Benguela,35202,67,Hurghada,29,Egypt
529,Erik Guillen,erik.guillen@sakilacustomer.org,Yes,535,635 Brest Manor,Andhra Pradesh,40899,75,Patna,44,India
530,Darryl Ashcraft,darryl.ashcraft@sakilacustomer.org,Yes,536,166 Jinchang Street,Buenos Aires,86760,165,Rosario,6,Argentina
531,Jamie Waugh,jamie.waugh@sakilacustomer.org,Yes,537,958 Sagamihara Lane,Mie,88408,287,Kumamoto,50,Japan
532,Neil Renner,neil.renner@sakilacustomer.org,Yes,538,1817 Livorno Way,Khanh Hoa,79401,100,Bangkok,94,Thailand
533,Jessie Milam,jessie.milam@sakilacustomer.org,Yes,539,1332 Gaziantep Lane,Shandong,22813,80,Shanghai,23,China
534,Christian Jung,christian.jung@sakilacustomer.org,No,540,949 Allende Lane,Uttar Pradesh,67521,24,Patna,44,India
535,Javier Elrod,javier.elrod@sakilacustomer.org,Yes,541,195 Ilorin Street,Chari-Baguirmi,49250,363,Abuja,69,Nigeria
536,Fernando Churchill,fernando.churchill@sakilacustomer.org,Yes,542,193 Bhusawal Place,Kang-won,9750,539,Cordoba,87,Spain
537,Clinton Buford,clinton.buford@sakilacustomer.org,Yes,543,43 Vilnius Manor,Colorado,79814,42,Aurora,103,United States
538,Ted Breaux,ted.breaux@sakilacustomer.org,Yes,544,183 Haiphong Street,Jilin,69953,46,Beijing,23,China
539,Mathew Bolin,mathew.bolin@sakilacustomer.org,Yes,545,163 Augusta-Richmond County Loop,Carabobo,33030,561,Maracaibo,104,Venezuela
540,Tyrone Asher,tyrone.asher@sakilacustomer.org,Yes,546,191 Jos Azueta Parkway,Ruse,13629,436,Varna,17,Bulgaria
541,Darren Windham,darren.windham@sakilacustomer.org,Yes,547,379 Lublin Parkway,Toscana,74568,309,Livorno,49,Italy
542,Lonnie Tirado,lonnie.tirado@sakilacustomer.org,Yes,548,1658 Cuman Loop,Sumatera Selatan,51309,396,Montreal,20,Canada
543,Lance Pemberton,lance.pemberton@sakilacustomer.org,Yes,549,454 Qinhuangdao Drive,Tadla-Azilal,25866,68,Marakesh,62,Morocco
544,Cody Nolen,cody.nolen@sakilacustomer.org,Yes,550,1715 Okayama Street,So Paulo,55676,485,Curitiba,15,Brazil
545,Julio Noland,julio.noland@sakilacustomer.org,Yes,551,182 Nukualofa Drive,Sumy,15414,275,Varna,17,Bulgaria
546,Kelly Knott,kelly.knott@sakilacustomer.org,Yes,552,390 Wroclaw Way,Hainan,5753,462,Beijing,23,China
547,Kurt Emmons,kurt.emmons@sakilacustomer.org,Yes,553,1421 Quilmes Lane,Ishikawa,19151,260,Kumamoto,50,Japan
548,Allan Cornish,allan.cornish@sakilacustomer.org,Yes,554,947 Trshavn Place,Central Luzon,841,528,Angeles,75,Philippines
549,Nelson Christenson,nelson.christenson@sakilacustomer.org,Yes,555,1764 Jalib al-Shuyukh Parkway,Galicia,77642,459,Cordoba,87,Spain
550,Guy Brownlee,guy.brownlee@sakilacustomer.org,Yes,556,346 Cam Ranh Avenue,Zhejiang,39976,599,Beijing,23,China
551,Clayton Barbee,clayton.barbee@sakilacustomer.org,Yes,557,1407 Pachuca de Soto Place,Rio Grande do Sul,26284,21,Curitiba,15,Brazil
552,Hugh Waldrop,hugh.waldrop@sakilacustomer.org,Yes,558,904 Clarksville Drive,Zhejiang,52234,193,Beijing,23,China
553,Max Pitt,max.pitt@sakilacustomer.org,Yes,559,1917 Kumbakonam Parkway,Vojvodina,11892,368,Novi Sad,108,Serbia
554,Dwayne Olvera,dwayne.olvera@sakilacustomer.org,Yes,560,1447 Imus Place,Gujarat,12905,426,Patna,44,India
555,Dwight Lombardi,dwight.lombardi@sakilacustomer.org,Yes,561,1497 Fengshan Drive,KwaZulu-Natal,63022,112,Springs,85,South Africa
556,Armando Gruber,armando.gruber@sakilacustomer.org,Yes,562,869 Shikarpur Way,England,57380,496,Southport,102,United Kingdom
557,Felix Gaffney,felix.gaffney@sakilacustomer.org,Yes,563,1059 Yuncheng Avenue,Vilna,47498,570,Amsterdam,67,Netherlands
558,Jimmie Eggleston,jimmie.eggleston@sakilacustomer.org,No,564,505 Madiun Boulevard,Dolnoslaskie,97271,577,Wroclaw,76,Poland
559,Everett Banda,everett.banda@sakilacustomer.org,Yes,565,1741 Hoshiarpur Boulevard,al-Sharqiya,22372,79,Hurghada,29,Egypt
560,Jordan Archuleta,jordan.archuleta@sakilacustomer.org,Yes,566,1229 Varanasi (Benares) Manor,Buenos Aires,40195,43,Mar del Plata,6,Argentina
561,Ian Still,ian.still@sakilacustomer.org,Yes,567,1894 Boa Vista Way,Texas,77464,178,Garland,103,United States
562,Wallace Slone,wallace.slone@sakilacustomer.org,Yes,568,1342 Sharja Way,Sokoto & Kebbi & Zam,93655,488,Abuja,69,Nigeria
563,Ken Prewitt,ken.prewitt@sakilacustomer.org,Yes,569,1342 Abha Boulevard,Bukarest,10714,95,Lausanne,91,Switzerland
564,Bob Pfeiffer,bob.pfeiffer@sakilacustomer.org,Yes,570,415 Pune Avenue,Shandong,44274,580,Beijing,23,China
565,Jaime Nettles,jaime.nettles@sakilacustomer.org,Yes,571,1746 Faaa Way,Huanuco,32515,214,Lima,74,Peru
566,Casey Mena,casey.mena@sakilacustomer.org,Yes,572,539 Hami Way,Tokat,52196,538,Ankara,97,Turkey
567,Alfredo Mcadams,alfredo.mcadams@sakilacustomer.org,Yes,573,1407 Surakarta Manor,Moskova,33224,466,Serpuhov,80,Russian Federation
568,Alberto Henning,alberto.henning@sakilacustomer.org,Yes,574,502 Mandi Bahauddin Parkway,Anzotegui,15992,55,Maracaibo,104,Venezuela
569,Dave Gardiner,dave.gardiner@sakilacustomer.org,Yes,575,1052 Pathankot Avenue,Sichuan,77397,299,Beijing,23,China
570,Ivan Cromwell,ivan.cromwell@sakilacustomer.org,Yes,576,1351 Sousse Lane,Coahuila de Zaragoza,37815,341,Durango,60,Mexico
571,Johnnie Chisholm,johnnie.chisholm@sakilacustomer.org,Yes,577,1501 Pangkal Pinang Avenue,Mazowieckie,943,409,Krakow,76,Poland
572,Sidney Burleson,sidney.burleson@sakilacustomer.org,Yes,578,1405 Hagonoy Avenue,Slaskie,86587,133,Wroclaw,76,Poland
573,Byron Box,byron.box@sakilacustomer.org,Yes,579,521 San Juan Bautista Tuxtepec Place,Qaraghandy,95093,598,Ankara,97,Turkey
574,Julian Vest,julian.vest@sakilacustomer.org,Yes,580,923 Tangail Boulevard,Tokyo-to,33384,10,Kumamoto,50,Japan
575,Isaac Oglesby,isaac.oglesby@sakilacustomer.org,Yes,581,186 Skikda Lane,Morelos,89422,131,Durango,60,Mexico
576,Morris Mccarter,morris.mccarter@sakilacustomer.org,Yes,582,1568 Celaya Parkway,Kaohsiung,34750,168,Ankara,97,Turkey
577,Clifton Malcolm,clifton.malcolm@sakilacustomer.org,Yes,583,1489 Kakamigahara Lane,Taipei,98883,526,Ankara,97,Turkey
578,Willard Lumpkin,willard.lumpkin@sakilacustomer.org,Yes,584,1819 Alessandria Loop,Campeche,53829,103,Durango,60,Mexico
579,Daryl Larue,daryl.larue@sakilacustomer.org,Yes,585,1208 Tama Loop,Ninawa,73605,344,Salzburg,9,Austria
580,Ross Grey,ross.grey@sakilacustomer.org,Yes,586,951 Springs Lane,Central Mindanao,96115,219,Angeles,75,Philippines
581,Virgil Wofford,virgil.wofford@sakilacustomer.org,Yes,587,760 Miyakonojo Drive,Guerrero,64682,246,Durango,60,Mexico
582,Andy Vanhorn,andy.vanhorn@sakilacustomer.org,Yes,588,966 Asuncin Way,Hidalgo,62703,212,Durango,60,Mexico
583,Marshall Thorn,marshall.thorn@sakilacustomer.org,Yes,589,1584 Ljubertsy Lane,England,22954,494,Southampton,102,United Kingdom
584,Salvador Teel,salvador.teel@sakilacustomer.org,Yes,590,247 Jining Parkway,Banjul,53446,54,Linz,9,Austria
585,Perry Swafford,perry.swafford@sakilacustomer.org,Yes,591,773 Dallas Manor,Buenos Aires,12664,424,Mar del Plata,6,Argentina
586,Kirk Stclair,kirk.stclair@sakilacustomer.org,Yes,592,1923 Stara Zagora Lane,Nantou,95179,546,Ankara,97,Turkey
587,Sergio Stanfield,sergio.stanfield@sakilacustomer.org,Yes,593,1402 Zanzibar Boulevard,Guanajuato,71102,106,Durango,60,Mexico
588,Marion Ocampo,marion.ocampo@sakilacustomer.org,Yes,594,1464 Kursk Parkway,Shandong,17381,574,Beijing,23,China
589,Tracy Herrmann,tracy.herrmann@sakilacustomer.org,Yes,595,1074 Sanaa Parkway,Loja,22474,311,Bogota,24,Colombia
590,Seth Hannon,seth.hannon@sakilacustomer.org,Yes,596,1759 Niznekamsk Avenue,al-Manama,39414,14,Karachi,72,Pakistan
591,Kent Arsenault,kent.arsenault@sakilacustomer.org,Yes,597,32 Liaocheng Way,Minas Gerais,1944,248,Curitiba,15,Brazil
592,Terrance Roush,terrance.roush@sakilacustomer.org,No,598,42 Fontana Avenue,Fejr,14684,512,Leipzig,38,Germany
593,Rene Mcalister,rene.mcalister@sakilacustomer.org,Yes,599,1895 Zhezqazghan Drive,California,36693,177,Garden Grove,103,United States
594,Eduardo Hiatt,eduardo.hiatt@sakilacustomer.org,Yes,600,1837 Kaduna Parkway,Inner Mongolia,82580,241,Beijing,23,China
595,Terrence Gunderson,terrence.gunderson@sakilacustomer.org,Yes,601,844 Bucuresti Place,Liaoning,36603,242,Beijing,23,China
596,Enrique Forsythe,enrique.forsythe@sakilacustomer.org,Yes,602,1101 Bucuresti Boulevard,West Greece,97661,401,Leipzig,38,Germany
597,Freddie Duggan,freddie.duggan@sakilacustomer.org,Yes,603,1103 Quilmes Boulevard,Piura,52137,503,Lima,74,Peru
598,Wade Delvalle,wade.delvalle@sakilacustomer.org,Yes,604,1331 Usak Boulevard,Vaud,61960,296,Lausanne,91,Switzerland
599,Austin Cintron,austin.cintron@sakilacustomer.org,Yes,605,1325 Fukuyama Street,Heilongjiang,27107,537,Beijing,23,China
